age,income,gender,maritalStatus,hour,weekend,buySmartWatch
51,76934,male,divorced,16,FALSE,no
46,59699,female,single,19,TRUE,yes
44,126035,female,divorced,22,FALSE,yes
63,163355,female,single,1,FALSE,yes
39,153636,female,married,9,FALSE,yes
19,26425,male,divorced,3,FALSE,no
54,121658,male,divorced,3,FALSE,no
20,195158,male,divorced,7,TRUE,no
43,184692,female,married,0,TRUE,yes
21,123021,female,married,2,TRUE,yes
66,110918,female,divorced,21,TRUE,yes
44,41627,female,married,15,FALSE,no
66,89300,female,married,11,TRUE,yes
34,82687,female,married,22,TRUE,yes
53,169340,female,divorced,1,TRUE,yes
27,32747,female,divorced,5,FALSE,no
24,88864,male,divorced,23,TRUE,yes
53,155343,female,divorced,0,TRUE,no
55,114950,male,single,1,FALSE,no
47,46350,male,single,19,FALSE,no
69,100519,female,divorced,18,TRUE,yes
39,105926,male,married,14,TRUE,yes
42,149251,female,single,20,FALSE,yes
64,80428,male,single,7,TRUE,yes
45,75924,male,single,9,FALSE,no
44,197954,female,single,7,TRUE,yes
31,143557,male,single,19,TRUE,yes
65,155037,male,married,22,FALSE,no
47,86293,female,divorced,13,TRUE,no
21,100060,female,single,0,TRUE,yes
49,130541,male,divorced,21,FALSE,no
59,139111,female,single,6,FALSE,yes
20,50236,female,married,7,TRUE,yes
18,187166,male,divorced,14,TRUE,yes
20,142269,female,divorced,2,TRUE,yes
43,164392,male,married,19,FALSE,no
21,113634,female,married,8,TRUE,yes
68,113169,female,single,7,FALSE,yes
40,68944,,single,18,FALSE,no
46,107676,male,married,4,FALSE,no
21,148889,female,single,10,FALSE,no
27,182287,male,married,20,TRUE,yes
62,130016,male,single,6,FALSE,no
36,87253,female,single,19,FALSE,no
28,135143,female,single,6,FALSE,no
18,156599,female,married,12,FALSE,no
42,198653,female,divorced,14,FALSE,no
41,171084,female,divorced,14,FALSE,yes
41,109277,male,married,17,TRUE,yes
61,151221,female,married,21,TRUE,yes
59,62632,female,married,11,FALSE,no
34,105939,male,married,9,TRUE,yes
25,47527,female,divorced,2,FALSE,no
22,133297,male,single,21,TRUE,yes
26,169444,male,divorced,4,TRUE,yes
50,163680,male,single,7,TRUE,yes
57,91262,male,married,12,FALSE,no
42,171967,female,married,20,FALSE,yes
29,96050,male,single,19,FALSE,yes
19,29728,male,divorced,9,FALSE,no
47,158252,male,married,0,FALSE,no
33,83105,male,single,11,FALSE,no
35,117169,male,single,0,FALSE,no
54,28102,female,divorced,6,TRUE,no
55,118360,female,single,0,TRUE,yes
65,74371,male,divorced,3,FALSE,no
65,67815,male,single,1,TRUE,yes
56,129708,female,single,2,TRUE,yes
56,33104,female,divorced,8,FALSE,no
53,43731,female,divorced,15,TRUE,yes
56,155981,male,single,8,TRUE,yes
27,83139,male,single,15,FALSE,yes
50,,female,divorced,2,FALSE,no
60,31011,female,divorced,11,TRUE,no
64,140893,male,married,13,TRUE,yes
26,165888,female,divorced,14,FALSE,no
69,183804,female,divorced,20,TRUE,yes
21,143208,female,single,5,TRUE,yes
26,77904,male,married,0,TRUE,yes
56,177683,female,married,0,FALSE,yes
19,168476,female,married,11,FALSE,no
41,43712,female,single,21,FALSE,no
68,195159,female,divorced,20,TRUE,yes
29,151601,female,single,9,TRUE,yes
63,140727,male,single,15,TRUE,yes
24,121770,male,divorced,5,TRUE,yes
29,146741,female,single,0,FALSE,no
68,53537,female,single,19,TRUE,yes
23,169774,male,divorced,16,FALSE,yes
69,140216,male,married,19,FALSE,no
53,87396,female,married,0,FALSE,no
33,83321,female,married,19,FALSE,no
64,31943,male,married,19,FALSE,no
60,121399,female,divorced,18,TRUE,yes
46,138045,male,single,15,TRUE,yes
26,94597,female,married,3,FALSE,no
41,30006,male,married,15,TRUE,yes
28,158358,male,divorced,2,TRUE,no
70,46157,female,divorced,11,TRUE,yes
22,123805,female,divorced,10,TRUE,yes
37,149145,female,single,14,FALSE,yes
57,195413,male,single,7,TRUE,yes
36,28410,female,divorced,5,TRUE,yes
70,80053,male,divorced,8,TRUE,yes
19,195396,male,single,12,TRUE,yes
,133014,male,married,19,TRUE,yes
59,195377,male,married,19,FALSE,no
63,28374,female,single,14,TRUE,yes
20,135124,male,divorced,23,TRUE,yes
33,173093,female,single,19,TRUE,yes
26,73960,male,married,5,FALSE,no
49,172090,male,divorced,14,TRUE,yes
18,153555,female,divorced,20,TRUE,no
23,121289,male,married,2,TRUE,yes
29,186931,female,single,3,TRUE,yes
51,111025,female,married,20,FALSE,yes
56,40751,female,married,22,FALSE,no
43,136710,male,single,11,FALSE,no
66,83653,male,married,18,TRUE,yes
27,155348,male,married,22,FALSE,yes
69,34369,male,divorced,23,TRUE,no
47,50394,male,,17,FALSE,no
23,53034,female,single,23,TRUE,yes
58,106329,female,married,5,FALSE,yes
27,105375,female,married,6,FALSE,no
68,103870,female,married,2,FALSE,yes
53,63117,female,divorced,3,FALSE,no
53,101407,female,married,11,TRUE,yes
44,81754,female,single,4,TRUE,yes
42,139101,male,single,11,TRUE,yes
53,158541,female,divorced,6,FALSE,no
31,42329,female,single,11,TRUE,yes
61,187557,male,divorced,4,TRUE,yes
35,49785,male,divorced,3,TRUE,yes
28,142625,female,single,21,TRUE,yes
41,177028,female,divorced,12,TRUE,yes
27,115932,female,single,22,FALSE,no
40,69781,male,single,9,FALSE,no
27,59637,female,divorced,23,TRUE,no
40,49176,male,divorced,1,TRUE,yes
20,130876,male,divorced,14,FALSE,yes
49,170123,male,married,10,TRUE,yes
44,51000,male,married,17,TRUE,yes
60,57798,male,divorced,4,TRUE,yes
66,107823,male,married,23,TRUE,yes
58,194461,female,single,8,TRUE,yes
26,81156,female,divorced,11,TRUE,no
54,185470,female,married,15,FALSE,yes
70,147460,male,married,11,TRUE,yes
52,44449,female,married,5,FALSE,no
47,88952,female,divorced,15,TRUE,no
66,39246,female,married,19,TRUE,yes
47,181620,female,single,6,FALSE,yes
39,58354,female,single,7,TRUE,yes
52,151347,male,married,9,FALSE,no
55,26104,female,divorced,16,TRUE,yes
65,40432,male,single,22,FALSE,no
35,32151,male,single,21,TRUE,yes
26,181566,female,single,18,FALSE,no
36,60967,female,married,6,FALSE,no
62,106184,male,single,3,TRUE,yes
51,87399,female,married,20,FALSE,no
65,87598,male,single,5,TRUE,yes
25,134092,male,single,8,TRUE,yes
24,181676,male,single,11,FALSE,yes
53,123573,female,married,10,FALSE,yes
20,94848,male,married,10,FALSE,yes
61,103374,female,married,5,FALSE,yes
70,144293,female,divorced,14,TRUE,yes
37,193059,male,married,1,FALSE,no
63,119458,female,divorced,8,TRUE,yes
52,124926,male,divorced,15,TRUE,no
68,170492,male,single,12,FALSE,no
32,98992,male,single,8,TRUE,yes
21,172451,female,single,12,TRUE,yes
69,147626,,divorced,21,TRUE,no
39,197743,female,single,22,FALSE,yes
50,131933,male,divorced,14,FALSE,no
37,93621,male,married,6,TRUE,yes
43,107100,male,divorced,1,FALSE,no
59,194813,female,single,3,TRUE,yes
64,98250,female,single,20,TRUE,yes
45,58030,male,married,20,FALSE,no
69,53862,female,married,12,TRUE,yes
42,79002,female,divorced,2,FALSE,no
27,122361,female,divorced,7,TRUE,no
48,44892,female,divorced,18,FALSE,no
39,190419,male,divorced,15,FALSE,no
50,32434,male,single,0,FALSE,no
42,145463,female,married,2,FALSE,yes
18,38774,male,single,21,FALSE,no
58,141686,male,divorced,21,TRUE,no
31,136555,male,married,22,TRUE,yes
26,125719,male,married,13,TRUE,yes
46,129987,male,divorced,10,FALSE,no
32,68843,female,divorced,7,TRUE,no
33,185567,female,single,12,TRUE,yes
31,93515,male,divorced,5,FALSE,no
66,177056,male,married,15,FALSE,no
63,163001,male,married,20,FALSE,no
68,112756,female,divorced,2,TRUE,no
29,,male,single,2,TRUE,yes
39,45416,female,married,6,TRUE,yes
63,73334,female,married,20,TRUE,yes
39,126534,male,single,19,FALSE,no
28,182803,male,married,6,FALSE,yes
19,119780,female,single,9,FALSE,no
65,147224,male,married,8,TRUE,yes
66,174093,female,married,9,TRUE,yes
54,107122,male,single,22,FALSE,no
54,88129,male,single,9,TRUE,yes
33,59595,male,single,11,FALSE,no
60,120467,male,married,8,FALSE,no
59,178223,female,single,17,FALSE,yes
58,93069,male,divorced,19,FALSE,no
48,147554,male,married,15,FALSE,no
58,66911,female,divorced,22,TRUE,no
39,34934,female,divorced,22,TRUE,yes
57,41806,female,married,14,TRUE,yes
65,34967,male,single,11,FALSE,no
54,108419,male,divorced,9,TRUE,yes
40,181073,female,married,14,TRUE,yes
25,160449,female,divorced,11,FALSE,no
60,60983,female,divorced,9,TRUE,yes
66,101793,male,divorced,23,TRUE,no
65,142127,male,single,7,FALSE,no
59,127255,male,single,9,TRUE,yes
24,198908,female,single,1,FALSE,no
59,168114,male,divorced,16,FALSE,no
28,137390,female,divorced,10,FALSE,no
50,59427,female,married,5,TRUE,yes
19,168596,female,single,5,TRUE,yes
43,118445,male,married,16,FALSE,no
66,26569,female,single,1,FALSE,no
28,83814,male,divorced,3,TRUE,no
51,48223,male,married,20,FALSE,no
60,147133,male,single,3,FALSE,no
32,169439,female,married,3,TRUE,yes
43,175200,male,divorced,14,TRUE,yes
23,130634,female,single,21,FALSE,no
41,70685,male,single,9,TRUE,yes
24,184162,female,divorced,1,TRUE,no
28,123832,male,divorced,12,TRUE,yes
49,117004,female,single,17,TRUE,yes
69,77375,female,single,19,TRUE,yes
56,110208,female,married,19,FALSE,yes
60,117331,female,divorced,12,FALSE,yes
38,171393,female,married,21,TRUE,yes
53,106545,female,divorced,17,FALSE,no
50,162920,male,single,13,FALSE,no
29,54913,female,single,22,TRUE,yes
30,94391,male,divorced,17,TRUE,no
70,65962,male,single,22,FALSE,no
52,57301,male,divorced,0,FALSE,no
70,124670,female,single,13,TRUE,yes
,145786,female,single,14,FALSE,yes
51,95315,female,single,23,TRUE,yes
27,80861,male,married,19,TRUE,yes
54,177789,male,divorced,23,TRUE,yes
29,111691,female,single,23,TRUE,yes
45,182882,female,divorced,2,FALSE,no
51,194431,male,single,14,TRUE,yes
45,179439,female,married,14,TRUE,yes
41,135861,female,divorced,9,TRUE,no
67,83585,female,single,6,TRUE,yes
21,135043,male,single,14,FALSE,yes
54,143879,male,married,8,FALSE,no
66,123721,female,married,2,FALSE,yes
62,121007,male,married,10,FALSE,no
19,168063,male,divorced,17,FALSE,yes
43,105895,female,single,19,FALSE,yes
58,119478,male,divorced,2,FALSE,no
68,43844,male,single,11,FALSE,no
48,176748,male,married,12,FALSE,no
67,46730,female,divorced,12,FALSE,no
36,30464,female,married,14,FALSE,no
26,168120,female,divorced,8,FALSE,no
41,33927,female,married,9,TRUE,yes
19,164909,female,single,23,TRUE,yes
64,169193,male,divorced,7,TRUE,no
48,153743,male,single,4,FALSE,no
25,149348,male,divorced,13,FALSE,no
25,157162,female,married,17,FALSE,no
41,61945,female,single,11,FALSE,no
37,138772,male,divorced,11,TRUE,yes
69,107140,male,divorced,3,FALSE,no
65,66343,female,divorced,18,FALSE,no
52,107004,male,single,19,FALSE,no
54,142378,female,single,3,TRUE,yes
18,192366,female,single,10,FALSE,no
28,134097,female,married,13,FALSE,no
63,67297,female,divorced,12,FALSE,no
48,186738,male,married,0,TRUE,yes
52,46783,female,divorced,20,TRUE,yes
20,56675,male,married,3,FALSE,no
23,170959,male,single,16,FALSE,yes
32,169276,female,divorced,15,FALSE,no
30,81348,female,single,11,FALSE,no
48,97019,female,single,15,TRUE,yes
59,182721,male,married,8,FALSE,no
50,147669,male,divorced,1,FALSE,no
56,142816,male,divorced,18,FALSE,no
43,157110,female,single,16,FALSE,yes
48,83353,male,married,22,FALSE,no
23,130942,female,single,1,TRUE,yes
60,50689,male,single,0,FALSE,no
48,97715,female,divorced,16,TRUE,yes
49,114496,female,divorced,18,FALSE,no
42,76434,female,single,19,TRUE,yes
49,162746,female,divorced,1,FALSE,yes
30,27125,female,married,14,TRUE,yes
62,64544,male,married,6,TRUE,yes
26,92705,female,single,23,FALSE,no
35,147160,female,single,5,FALSE,yes
67,157255,male,married,21,TRUE,yes
48,67902,female,married,15,TRUE,yes
63,,male,divorced,17,FALSE,no
45,29991,female,single,11,TRUE,yes
29,151570,male,divorced,10,TRUE,yes
32,86905,male,single,4,FALSE,no
67,165932,female,married,17,TRUE,yes
45,85320,female,divorced,9,FALSE,no
19,139121,male,single,20,FALSE,yes
56,142736,male,married,20,TRUE,yes
34,35238,female,married,6,FALSE,no
19,55185,female,divorced,16,TRUE,no
68,76930,male,married,1,TRUE,yes
34,115598,male,single,22,TRUE,yes
51,189939,male,divorced,16,TRUE,no
49,47771,male,single,7,TRUE,yes
19,71055,female,single,9,FALSE,no
57,180148,female,single,4,TRUE,yes
67,187402,male,single,3,TRUE,yes
22,126556,male,single,1,FALSE,yes
37,176291,male,divorced,13,TRUE,yes
33,53588,male,divorced,5,TRUE,no
46,34891,female,single,17,FALSE,no
54,157719,male,single,16,TRUE,yes
50,160119,male,divorced,4,TRUE,yes
63,133184,male,married,1,TRUE,yes
23,87395,female,married,11,TRUE,yes
66,55664,male,married,13,TRUE,yes
30,176009,female,married,12,TRUE,yes
32,87000,female,divorced,10,TRUE,yes
26,104721,female,divorced,22,TRUE,no
44,117400,female,married,18,TRUE,yes
57,52739,female,divorced,8,FALSE,no
51,192702,male,divorced,20,FALSE,no
48,88608,female,single,7,FALSE,no
68,91908,female,divorced,15,TRUE,yes
46,52111,male,single,7,FALSE,no
45,169847,male,married,2,TRUE,yes
62,95238,male,single,4,TRUE,yes
35,96606,male,divorced,19,FALSE,no
50,144749,male,divorced,14,TRUE,yes
64,92031,male,divorced,8,FALSE,no
25,147408,female,single,18,FALSE,no
37,102254,female,single,22,TRUE,yes
49,103782,male,single,4,FALSE,no
63,128884,female,single,21,TRUE,yes
37,32987,male,divorced,8,FALSE,no
68,160876,female,married,11,FALSE,yes
47,153127,male,divorced,0,TRUE,yes
23,41392,female,married,15,TRUE,yes
30,81096,female,divorced,11,TRUE,yes
48,58270,male,single,3,FALSE,no
65,195000,male,married,9,TRUE,yes
57,185793,male,single,6,FALSE,no
58,88737,male,divorced,23,TRUE,yes
31,143961,female,married,20,TRUE,yes
63,156079,female,divorced,21,FALSE,no
32,69865,female,divorced,5,TRUE,yes
65,45902,male,divorced,4,FALSE,no
33,155398,female,divorced,13,TRUE,yes
18,126091,male,married,5,TRUE,yes
37,81483,female,single,20,TRUE,yes
49,83439,male,divorced,15,TRUE,yes
53,191508,female,single,9,TRUE,yes
43,76371,female,single,13,FALSE,no
35,163401,female,married,15,TRUE,yes
34,199246,male,married,2,TRUE,yes
39,161494,female,married,6,TRUE,yes
31,67197,female,divorced,18,TRUE,no
32,64621,female,single,11,FALSE,no
33,95739,female,married,7,TRUE,yes
23,146417,male,married,11,TRUE,yes
27,52487,male,divorced,22,TRUE,yes
70,168627,male,married,15,TRUE,yes
31,45360,male,single,14,TRUE,yes
29,60306,male,divorced,13,TRUE,no
58,146197,female,married,22,FALSE,yes
70,100751,male,single,22,FALSE,no
27,180904,male,single,15,FALSE,yes
37,111244,female,single,16,FALSE,yes
27,99953,female,divorced,7,FALSE,no
63,37819,male,divorced,0,FALSE,no
51,35196,female,married,14,FALSE,no
49,59535,female,divorced,13,TRUE,yes
61,64855,male,divorced,5,TRUE,yes
61,169918,female,single,5,FALSE,yes
48,192804,female,married,16,FALSE,yes
43,92577,male,single,16,FALSE,no
24,70508,female,married,21,TRUE,yes
42,25548,female,single,21,TRUE,yes
50,142907,female,married,15,FALSE,yes
58,52277,female,single,22,TRUE,yes
45,190570,male,married,0,TRUE,yes
25,155126,female,single,16,TRUE,yes
19,59225,,single,6,TRUE,yes
37,186268,male,divorced,10,FALSE,no
33,165995,male,married,3,FALSE,no
68,183814,female,married,4,FALSE,yes
60,37853,male,married,9,FALSE,no
35,62524,female,divorced,3,TRUE,no
56,83047,female,single,5,FALSE,no
40,34340,male,divorced,5,TRUE,yes
59,116776,male,married,4,TRUE,yes
48,37236,male,single,18,FALSE,no
39,54915,female,divorced,20,FALSE,no
30,148368,female,single,2,FALSE,yes
63,76704,female,married,3,TRUE,yes
18,188317,female,single,6,FALSE,no
47,65503,female,married,13,FALSE,no
54,78447,female,married,3,FALSE,no
32,83174,female,married,17,TRUE,yes
18,140094,female,married,18,FALSE,no
64,122017,male,divorced,11,FALSE,no
18,96360,male,divorced,18,FALSE,no
61,171408,female,divorced,10,FALSE,no
24,104402,male,single,18,TRUE,yes
40,58912,male,single,7,FALSE,no
26,167194,female,married,3,TRUE,yes
56,77649,female,single,1,FALSE,no
19,113778,male,divorced,23,TRUE,no
67,27510,male,married,21,TRUE,yes
49,158640,female,married,11,TRUE,yes
40,88056,male,divorced,9,FALSE,no
18,130736,female,divorced,8,FALSE,no
25,80475,female,married,18,FALSE,no
41,171845,male,divorced,19,TRUE,no
66,25134,female,divorced,20,FALSE,no
30,32104,male,single,15,TRUE,yes
21,63295,female,divorced,9,TRUE,yes
59,94412,male,married,4,TRUE,yes
61,145744,male,married,18,TRUE,yes
55,135171,male,single,15,TRUE,yes
50,74040,female,single,3,TRUE,yes
19,130931,female,single,20,FALSE,no
37,107727,male,married,1,TRUE,yes
68,127918,female,single,11,TRUE,yes
69,26328,male,single,14,FALSE,no
68,118914,male,married,20,TRUE,yes
61,62680,female,single,16,FALSE,no
29,191168,female,single,19,FALSE,no
41,72179,female,married,21,FALSE,no
59,190020,male,single,20,TRUE,yes
70,174417,male,divorced,4,TRUE,yes
27,153571,male,married,21,TRUE,yes
33,40457,male,single,15,FALSE,no
51,37656,female,married,13,TRUE,yes
39,199045,male,divorced,9,TRUE,yes
69,93663,female,single,19,TRUE,yes
33,65595,male,divorced,1,FALSE,no
49,110962,male,married,9,FALSE,no
47,86775,female,married,18,TRUE,yes
60,94558,female,married,1,TRUE,yes
46,125102,male,divorced,17,TRUE,yes
63,198294,female,married,23,TRUE,yes
19,109463,female,divorced,2,TRUE,no
18,190155,male,married,11,FALSE,yes
37,141863,male,divorced,2,TRUE,no
24,177526,female,divorced,22,TRUE,no
56,116452,female,single,5,FALSE,yes
39,163144,male,divorced,15,FALSE,no
45,110162,female,married,14,FALSE,yes
68,156401,male,single,0,TRUE,yes
62,151148,male,married,10,FALSE,no
57,92087,male,single,17,TRUE,yes
46,84264,female,married,4,TRUE,yes
53,107501,female,divorced,6,TRUE,no
24,198211,male,single,6,TRUE,yes
29,137774,female,married,22,FALSE,no
28,58402,female,divorced,3,FALSE,no
20,67084,male,single,18,FALSE,no
38,28670,female,married,5,TRUE,yes
54,94906,male,married,4,TRUE,yes
25,62148,female,married,4,FALSE,no
59,63800,female,married,13,FALSE,no
58,163263,female,single,8,TRUE,yes
52,31815,male,married,7,TRUE,yes
26,73170,female,married,14,FALSE,no
49,46891,male,divorced,14,TRUE,yes
64,123235,male,divorced,8,FALSE,no
37,88204,female,married,17,FALSE,no
38,80631,female,single,4,FALSE,no
66,75575,female,divorced,8,FALSE,no
70,189563,male,single,7,TRUE,yes
42,120402,male,married,13,FALSE,no
67,176765,male,single,13,TRUE,yes
49,147711,male,divorced,1,FALSE,no
45,78191,female,single,8,FALSE,no
63,121176,female,single,17,FALSE,yes
52,197896,male,single,6,TRUE,yes
63,25243,male,married,20,FALSE,no
18,54247,male,married,23,TRUE,yes
29,65958,female,married,17,FALSE,no
37,145236,male,married,23,TRUE,yes
33,147927,male,divorced,20,TRUE,no
52,160525,female,single,23,TRUE,yes
37,45499,male,single,10,TRUE,yes
67,,female,married,14,TRUE,yes
25,43625,female,married,20,TRUE,yes
64,185692,male,single,11,TRUE,yes
28,130315,male,single,13,FALSE,yes
67,106444,male,single,0,FALSE,no
46,39416,female,divorced,13,TRUE,no
41,108841,female,married,13,FALSE,yes
51,52120,male,single,5,FALSE,no
20,75333,male,single,18,FALSE,yes
45,137940,male,single,6,FALSE,no
40,117674,male,divorced,3,TRUE,no
40,155691,male,married,5,TRUE,yes
47,172944,male,married,1,TRUE,yes
26,102072,male,divorced,11,FALSE,yes
42,60735,male,married,7,TRUE,yes
35,161358,male,married,8,TRUE,yes
56,58854,female,married,20,TRUE,yes
69,70833,female,divorced,8,TRUE,yes
20,147094,female,married,2,FALSE,no
58,50875,male,single,16,FALSE,no
64,104582,male,married,7,TRUE,yes
54,72644,female,divorced,10,FALSE,no
51,152118,female,divorced,0,FALSE,yes
62,107365,male,married,3,FALSE,no
65,83440,male,single,22,FALSE,no
35,169464,male,single,15,FALSE,no
27,50901,male,married,8,FALSE,no
42,76925,female,divorced,11,FALSE,no
35,197759,female,single,23,TRUE,yes
38,83322,female,married,22,TRUE,yes
65,97209,male,married,5,FALSE,no
44,39470,male,single,17,FALSE,no
43,181149,male,single,20,FALSE,no
47,105830,male,divorced,16,TRUE,yes
56,29208,male,divorced,11,FALSE,no
20,62150,male,single,19,FALSE,no
57,81049,male,single,5,TRUE,yes
45,88343,female,divorced,5,FALSE,no
36,142765,male,divorced,14,TRUE,yes
33,99750,female,married,21,TRUE,yes
43,188842,male,married,7,FALSE,no
44,25620,female,divorced,8,TRUE,no
31,180831,female,divorced,0,FALSE,yes
63,51497,male,divorced,23,FALSE,no
56,99044,male,single,9,TRUE,yes
19,95035,female,single,14,TRUE,yes
35,195023,male,single,17,FALSE,no
47,112574,male,divorced,19,TRUE,yes
57,43039,male,married,8,FALSE,no
33,61429,male,married,4,TRUE,yes
46,37575,female,divorced,13,FALSE,no
64,79632,female,married,11,FALSE,no
30,41557,female,divorced,7,FALSE,no
42,87129,male,divorced,12,FALSE,no
22,182346,female,single,5,TRUE,yes
68,175989,male,married,23,FALSE,no
37,142408,male,single,4,TRUE,yes
68,140393,male,single,2,TRUE,yes
46,49451,female,divorced,10,TRUE,yes
67,99960,male,married,22,TRUE,yes
70,117413,male,married,19,TRUE,yes
70,65531,male,married,14,FALSE,no
18,159958,male,married,19,FALSE,yes
25,63292,male,married,0,TRUE,yes
57,85370,female,single,10,TRUE,yes
66,55496,male,married,0,FALSE,no
35,121234,male,divorced,16,TRUE,no
53,98905,female,married,20,FALSE,no
30,155641,female,single,10,FALSE,yes
45,53772,male,divorced,2,TRUE,yes
37,113305,female,single,3,FALSE,yes
45,32934,male,single,7,FALSE,no
35,60719,female,single,12,TRUE,yes
26,121362,female,single,23,TRUE,yes
57,49116,female,married,9,TRUE,yes
30,190650,female,divorced,19,FALSE,no
27,141530,female,single,19,FALSE,no
22,38692,female,single,12,TRUE,yes
62,139995,male,divorced,4,FALSE,no
61,127521,male,single,3,TRUE,yes
31,164493,male,single,9,TRUE,yes
31,86873,male,married,0,TRUE,yes
55,89264,female,divorced,16,TRUE,yes
32,25441,male,single,19,FALSE,no
70,178443,female,married,3,FALSE,yes
21,31551,male,single,16,FALSE,no
26,95343,male,single,9,TRUE,yes
48,193745,female,married,19,TRUE,yes
49,191187,male,divorced,17,FALSE,no
61,191825,female,divorced,16,FALSE,yes
42,180591,female,single,12,FALSE,yes
32,150514,male,single,9,TRUE,yes
40,175422,male,divorced,12,TRUE,yes
58,100910,male,married,15,FALSE,no
26,35856,male,divorced,8,FALSE,no
46,69417,male,single,10,FALSE,no
53,56092,male,married,5,FALSE,no
70,92610,male,divorced,20,FALSE,no
44,176869,female,married,19,FALSE,yes
60,76717,male,married,23,FALSE,no
,146777,female,married,1,TRUE,yes
68,39502,male,single,10,FALSE,no
45,199292,female,married,6,FALSE,yes
35,115687,female,single,14,FALSE,yes
54,137151,female,married,18,TRUE,yes
30,155770,female,single,2,FALSE,yes
63,33675,female,married,20,FALSE,no
27,45667,female,married,17,FALSE,no
43,166156,female,single,7,TRUE,yes
25,175404,female,single,14,FALSE,no
57,26909,female,single,22,FALSE,no
23,123506,female,married,16,FALSE,no
22,164990,male,divorced,13,TRUE,no
65,180627,female,divorced,0,FALSE,no
45,36938,female,single,8,FALSE,no
50,197420,male,single,17,FALSE,no
56,86103,female,single,20,FALSE,no
28,120777,female,divorced,19,TRUE,no
44,132193,male,single,9,FALSE,no
56,43745,female,married,17,FALSE,no
48,196642,female,married,21,TRUE,yes
42,134486,male,divorced,9,TRUE,no
48,181235,female,divorced,20,FALSE,yes
42,116139,male,single,9,TRUE,yes
56,75086,male,divorced,11,TRUE,yes
56,116429,female,divorced,15,TRUE,no
47,152131,male,single,23,TRUE,yes
22,104314,male,single,10,FALSE,yes
37,124531,female,divorced,19,FALSE,yes
43,56510,male,divorced,22,FALSE,no
55,177661,female,divorced,1,TRUE,yes
19,81514,male,married,22,TRUE,yes
39,127415,female,single,11,FALSE,yes
58,170345,female,single,11,FALSE,yes
33,131214,male,divorced,10,TRUE,yes
62,91017,female,married,23,FALSE,no
68,128942,female,divorced,5,FALSE,yes
64,140201,female,single,11,TRUE,yes
37,110147,male,divorced,11,TRUE,yes
68,76605,female,divorced,22,FALSE,no
30,106189,female,married,1,TRUE,yes
70,44175,male,divorced,2,FALSE,no
45,37564,male,divorced,18,FALSE,no
32,100963,female,married,9,TRUE,yes
39,154111,male,single,17,FALSE,no
30,66006,female,divorced,7,FALSE,no
30,198722,female,single,2,FALSE,yes
57,109518,male,married,8,FALSE,no
20,170744,male,divorced,10,FALSE,yes
26,130864,male,divorced,14,TRUE,yes
18,130117,female,married,0,TRUE,yes
32,190417,female,married,23,FALSE,yes
54,124052,male,single,19,FALSE,no
65,145371,female,married,9,TRUE,yes
41,171120,male,single,1,FALSE,no
68,50217,male,single,17,TRUE,yes
54,181162,female,divorced,9,FALSE,yes
64,127183,female,married,4,TRUE,yes
55,47861,male,single,2,TRUE,yes
36,93095,female,single,2,TRUE,yes
46,168569,female,married,19,TRUE,yes
48,88400,male,divorced,19,TRUE,no
45,87768,female,single,21,TRUE,yes
58,168214,male,married,10,FALSE,no
34,101618,female,divorced,19,TRUE,no
53,146734,female,married,10,FALSE,yes
35,64582,female,single,18,TRUE,yes
41,40178,male,married,8,FALSE,no
39,183555,female,married,4,FALSE,yes
32,106421,female,divorced,22,FALSE,yes
25,29808,female,married,5,TRUE,yes
34,109911,female,divorced,8,TRUE,yes
58,83406,male,married,13,TRUE,yes
70,71128,male,single,6,TRUE,yes
18,52556,male,married,21,FALSE,no
69,132659,male,married,19,FALSE,no
31,53865,male,married,6,FALSE,no
64,61717,female,married,2,FALSE,no
44,150724,female,married,9,TRUE,yes
69,129784,female,single,23,FALSE,yes
69,31227,female,divorced,12,FALSE,no
39,82358,female,divorced,13,FALSE,no
31,154107,female,divorced,6,FALSE,yes
52,,male,divorced,20,TRUE,no
19,117082,female,single,12,TRUE,yes
59,155558,female,single,2,FALSE,yes
63,148310,male,divorced,5,TRUE,no
23,176163,male,married,17,TRUE,yes
58,139669,female,divorced,21,TRUE,yes
68,29991,male,single,9,FALSE,no
34,126353,female,divorced,21,TRUE,no
23,146151,male,divorced,21,TRUE,yes
54,115792,male,married,20,FALSE,no
60,47549,female,divorced,23,TRUE,yes
48,80878,female,divorced,8,FALSE,no
68,158310,female,single,5,TRUE,yes
70,45330,male,married,16,FALSE,no
35,168645,male,divorced,17,FALSE,no
32,76833,female,married,23,FALSE,no
30,129792,male,married,15,FALSE,no
34,84878,female,divorced,15,FALSE,no
53,67934,female,married,8,TRUE,yes
23,58434,female,divorced,23,TRUE,no
57,129735,female,married,0,TRUE,yes
59,99570,female,single,6,FALSE,no
61,179041,male,married,2,TRUE,yes
32,97128,male,divorced,13,FALSE,no
70,82784,male,divorced,4,FALSE,no
35,190532,male,married,12,TRUE,yes
46,172578,male,single,21,FALSE,no
69,162202,male,single,21,TRUE,yes
68,199315,female,single,10,FALSE,yes
26,105680,male,divorced,14,TRUE,yes
45,112219,female,single,15,TRUE,yes
53,198039,male,married,21,FALSE,no
45,45117,female,single,7,TRUE,yes
60,182891,male,single,17,TRUE,yes
68,175374,female,married,13,TRUE,yes
53,103269,female,single,15,TRUE,yes
44,128476,male,married,6,FALSE,no
40,162598,female,single,0,FALSE,yes
54,167459,female,married,9,FALSE,yes
38,112108,male,single,7,TRUE,yes
42,157450,female,single,12,TRUE,yes
36,151748,female,married,22,FALSE,yes
58,119488,male,divorced,11,TRUE,yes
39,34275,male,married,21,FALSE,no
32,40213,male,divorced,15,FALSE,no
37,30704,female,married,21,FALSE,no
62,149764,female,single,21,TRUE,yes
63,44730,male,divorced,12,TRUE,no
59,65403,female,married,16,FALSE,no
68,154136,male,divorced,8,TRUE,yes
57,134139,male,married,3,TRUE,yes
68,149211,female,married,5,TRUE,yes
42,196260,female,single,3,TRUE,yes
53,188434,female,divorced,14,FALSE,yes
45,76666,male,divorced,1,TRUE,yes
35,114008,female,single,4,TRUE,yes
32,108115,female,single,17,TRUE,yes
45,140533,male,single,6,TRUE,yes
32,43133,male,divorced,20,FALSE,no
56,158884,male,married,2,FALSE,no
32,120973,female,divorced,10,FALSE,yes
32,90683,male,single,4,TRUE,yes
20,87254,female,married,21,FALSE,no
49,53456,male,divorced,10,TRUE,yes
44,53042,male,single,11,TRUE,yes
70,197300,male,single,20,FALSE,no
54,154268,male,divorced,19,FALSE,no
24,120382,male,single,11,FALSE,yes
26,95307,male,single,8,FALSE,yes
19,169723,female,divorced,17,FALSE,no
31,54763,female,single,4,TRUE,yes
55,85569,male,married,23,FALSE,no
32,65507,female,divorced,5,TRUE,yes
31,41821,female,married,6,FALSE,no
42,27892,female,single,21,FALSE,no
51,167175,male,divorced,19,TRUE,no
22,103558,male,married,17,TRUE,yes
37,164820,male,single,19,FALSE,no
50,79719,male,divorced,16,TRUE,no
69,29324,male,married,1,FALSE,no
52,121084,male,married,22,FALSE,no
56,35163,male,divorced,1,TRUE,no
46,78454,male,single,2,FALSE,no
34,199122,female,married,16,FALSE,yes
62,70360,female,divorced,9,TRUE,yes
63,161469,male,single,4,FALSE,no
65,178642,male,divorced,6,FALSE,no
56,188363,male,married,1,FALSE,no
70,82351,female,single,10,TRUE,yes
55,51421,male,married,7,TRUE,yes
68,178902,male,divorced,8,TRUE,no
65,46150,,single,9,TRUE,yes
18,74073,female,divorced,5,FALSE,no
43,139371,male,single,4,TRUE,yes
24,94253,female,divorced,12,TRUE,yes
57,74137,male,married,0,FALSE,no
60,197366,male,single,1,FALSE,no
64,84926,male,married,1,TRUE,yes
57,101207,female,married,10,TRUE,yes
29,52532,male,single,14,TRUE,yes
33,153097,female,married,3,FALSE,yes
68,168254,female,divorced,14,FALSE,yes
26,123706,male,single,10,TRUE,yes
45,81605,female,married,20,TRUE,yes
18,46112,female,single,19,TRUE,yes
55,113779,female,single,19,TRUE,yes
70,92907,female,married,10,TRUE,yes
54,92986,male,single,12,FALSE,no
40,124283,female,married,13,FALSE,yes
62,167857,female,divorced,8,FALSE,no
57,98683,male,single,20,TRUE,yes
42,151014,female,divorced,3,TRUE,yes
66,54899,female,single,3,FALSE,no
21,172828,female,single,2,TRUE,yes
29,143683,female,divorced,7,TRUE,yes
58,88366,male,married,12,TRUE,yes
49,65140,male,divorced,10,FALSE,no
46,25913,female,married,11,FALSE,no
64,181539,male,single,2,FALSE,no
32,42965,male,married,9,TRUE,yes
19,61069,female,single,20,FALSE,no
67,40747,male,divorced,14,TRUE,no
58,178496,male,single,8,FALSE,no
30,172194,female,divorced,17,FALSE,no
55,185542,female,divorced,1,TRUE,no
24,123871,male,divorced,12,TRUE,yes
46,66283,male,married,20,TRUE,yes
27,98081,female,single,4,FALSE,no
27,70508,male,married,14,TRUE,yes
54,197031,female,married,11,TRUE,yes
60,112947,male,divorced,12,FALSE,no
69,29574,male,single,3,TRUE,yes
54,178713,male,single,14,FALSE,no
40,97481,male,married,12,TRUE,yes
42,136698,female,single,10,TRUE,yes
35,113862,male,divorced,10,FALSE,no
50,85700,female,divorced,21,FALSE,no
24,141658,male,single,21,FALSE,yes
31,75856,female,divorced,17,TRUE,no
63,57173,female,single,23,FALSE,no
46,41753,male,divorced,16,TRUE,yes
69,126190,female,married,17,TRUE,yes
37,118606,male,single,19,FALSE,no
19,29972,female,married,19,TRUE,yes
41,147662,male,single,22,FALSE,no
48,49842,female,divorced,0,TRUE,yes
67,121163,male,single,18,FALSE,no
32,165396,female,married,23,FALSE,yes
49,189917,male,married,20,FALSE,no
47,103443,male,single,7,FALSE,no
58,107401,male,divorced,12,TRUE,yes
55,92139,female,married,15,FALSE,no
35,58251,male,divorced,9,TRUE,yes
23,106080,male,married,20,FALSE,yes
57,26143,male,divorced,21,TRUE,yes
35,133810,male,married,0,TRUE,yes
25,118060,female,divorced,23,FALSE,no
63,124660,male,divorced,22,FALSE,no
55,151128,male,divorced,10,TRUE,yes
30,47174,male,divorced,1,TRUE,no
32,161503,male,married,13,TRUE,yes
63,31915,male,divorced,2,TRUE,no
66,82357,female,divorced,0,FALSE,no
31,76723,female,married,2,TRUE,yes
25,86464,female,divorced,19,FALSE,no
21,32984,female,married,14,TRUE,yes
51,112045,female,single,16,FALSE,yes
38,34410,male,divorced,21,FALSE,no
64,89373,female,married,13,FALSE,no
42,153416,male,married,23,TRUE,yes
60,59070,male,single,13,FALSE,no
27,33217,male,divorced,11,TRUE,no
39,48939,male,divorced,21,FALSE,no
34,116406,male,married,12,FALSE,no
43,78329,male,single,16,FALSE,no
25,25905,male,married,3,FALSE,no
58,187316,male,divorced,22,FALSE,no
29,179508,female,divorced,22,FALSE,no
66,100483,female,divorced,16,TRUE,yes
32,35061,female,married,11,TRUE,yes
31,35831,female,married,15,TRUE,yes
53,132666,male,divorced,18,FALSE,no
35,49470,female,married,4,TRUE,yes
35,188324,female,divorced,16,TRUE,yes
65,180764,female,divorced,22,FALSE,no
39,153937,male,divorced,10,FALSE,no
69,97840,male,single,23,FALSE,no
23,132406,male,single,4,TRUE,yes
35,132490,female,married,3,TRUE,yes
44,90025,male,divorced,3,FALSE,no
60,133077,male,divorced,6,TRUE,no
53,149294,female,divorced,19,TRUE,yes
43,99506,female,married,1,TRUE,yes
57,160597,female,married,2,FALSE,yes
64,184425,female,married,19,FALSE,yes
38,188968,male,divorced,22,FALSE,no
44,192983,male,married,21,TRUE,yes
45,127643,female,single,12,TRUE,yes
56,181982,male,divorced,19,TRUE,no
18,191600,male,divorced,16,FALSE,yes
66,50572,female,married,6,FALSE,no
19,37632,female,divorced,14,TRUE,yes
30,168634,female,married,19,TRUE,yes
21,198174,male,single,0,TRUE,yes
22,176086,female,married,16,FALSE,no
27,103505,female,married,10,FALSE,no
69,143721,female,married,2,TRUE,yes
24,57238,female,married,6,TRUE,yes
55,137950,male,married,6,FALSE,no
50,167026,female,single,4,TRUE,yes
18,55412,male,divorced,18,TRUE,yes
29,121308,male,married,15,FALSE,yes
46,27156,female,married,6,TRUE,yes
33,183228,male,divorced,22,TRUE,yes
32,46343,male,divorced,0,FALSE,no
61,86303,female,single,4,FALSE,no
46,165985,male,divorced,17,TRUE,no
41,,male,single,8,FALSE,no
23,89161,male,married,3,FALSE,yes
52,72556,male,single,22,TRUE,yes
30,28539,female,divorced,14,FALSE,no
59,87974,female,single,3,FALSE,no
61,100772,male,divorced,18,FALSE,no
21,126405,male,divorced,17,TRUE,yes
55,85802,female,married,1,FALSE,no
67,43491,male,married,21,FALSE,no
28,61764,male,divorced,16,TRUE,yes
44,146405,male,married,1,FALSE,no
33,144335,male,single,18,TRUE,yes
25,92389,female,divorced,2,FALSE,no
19,69111,male,divorced,15,TRUE,yes
61,141136,male,married,21,FALSE,no
60,62579,female,married,23,TRUE,yes
39,154168,female,single,5,TRUE,yes
53,199212,female,divorced,12,TRUE,no
30,169730,male,divorced,14,FALSE,no
21,91407,female,divorced,20,FALSE,no
42,86514,male,single,13,TRUE,yes
49,175066,female,single,16,FALSE,yes
50,161159,female,married,19,TRUE,yes
32,197756,female,divorced,18,FALSE,yes
60,27233,female,married,3,TRUE,yes
65,145642,male,divorced,11,FALSE,no
46,40090,male,married,20,FALSE,no
53,91522,male,single,10,FALSE,no
61,66863,male,single,12,TRUE,yes
57,181370,male,divorced,17,TRUE,yes
49,182607,male,divorced,20,FALSE,no
21,108066,male,divorced,7,FALSE,no
49,108418,male,divorced,22,FALSE,no
22,70202,female,divorced,16,TRUE,yes
67,59983,male,single,4,FALSE,no
31,110951,female,single,4,TRUE,yes
28,98526,male,single,1,FALSE,yes
46,53528,female,single,9,TRUE,yes
62,66354,male,single,6,FALSE,no
64,148282,female,single,9,TRUE,yes
33,67309,male,single,22,FALSE,no
40,63525,female,divorced,19,TRUE,yes
45,75787,female,divorced,5,TRUE,yes
52,47165,female,divorced,22,TRUE,no
52,45469,male,divorced,23,TRUE,yes
29,198167,male,single,21,FALSE,yes
34,65942,male,divorced,20,TRUE,no
66,76337,female,married,15,FALSE,no
65,151801,male,single,15,FALSE,no
69,183596,female,married,15,FALSE,yes
36,95321,male,married,21,TRUE,yes
32,124474,male,single,17,TRUE,yes
41,193884,female,married,4,TRUE,yes
50,59340,female,married,7,TRUE,yes
58,86843,female,divorced,2,TRUE,yes
30,175819,male,divorced,7,FALSE,no
29,94411,female,single,0,TRUE,yes
46,97351,female,married,1,FALSE,no
65,81609,female,divorced,10,FALSE,no
51,42722,male,divorced,17,TRUE,no
43,77577,male,divorced,6,TRUE,no
38,74095,male,married,18,FALSE,no
33,84015,male,married,21,FALSE,no
43,33512,male,married,20,TRUE,yes
55,186923,male,divorced,17,FALSE,no
21,86820,female,married,6,FALSE,no
43,87004,female,married,13,TRUE,yes
26,158764,female,divorced,23,TRUE,yes
48,136641,male,single,13,TRUE,yes
38,92736,female,divorced,14,TRUE,no
42,185324,female,married,17,TRUE,yes
63,78465,female,single,13,TRUE,yes
51,170672,female,divorced,9,TRUE,yes
48,62179,female,divorced,5,FALSE,no
43,150721,male,single,1,FALSE,no
61,82608,female,married,1,FALSE,no
22,78152,male,single,8,FALSE,yes
68,99086,male,divorced,23,FALSE,no
20,191688,female,single,3,TRUE,yes
21,88043,female,divorced,1,FALSE,no
32,63658,male,married,15,TRUE,yes
53,98293,female,divorced,14,FALSE,no
40,124841,female,divorced,9,FALSE,yes
41,181936,male,single,15,TRUE,yes
21,116610,female,single,8,TRUE,yes
,106527,male,single,0,TRUE,yes
47,175261,male,single,9,TRUE,yes
19,138438,male,married,4,FALSE,yes
57,49242,female,divorced,4,TRUE,no
39,183853,female,divorced,6,TRUE,yes
